<annotation>
  <folder>images</folder>
  <filename>2.png</filename>
  <size>
    <width>5100</width>
    <height>6601</height>
    <depth>3</depth>
  </size>
  <segmented>0</segmented>
  <object>
    <name>expr</name>
    <pose>Unspecified</pose>
    <truncated>0</truncated>
    <occluded>0</occluded>
    <difficult>0</difficult>
    <bndbox>
      <xmin>1470</xmin>
      <ymin>831</ymin>
      <xmax>1599</xmax>
      <ymax>914</ymax>
    </bndbox>
  </object>
  <object>
    <name>expr</name>
    <pose>Unspecified</pose>
    <truncated>0</truncated>
    <occluded>0</occluded>
    <difficult>0</difficult>
    <bndbox>
      <xmin>2250</xmin>
      <ymin>855</ymin>
      <xmax>2283</xmax>
      <ymax>911</ymax>
    </bndbox>
  </object>
  <object>
    <name>expr</name>
    <pose>Unspecified</pose>
    <truncated>0</truncated>
    <occluded>0</occluded>
    <difficult>0</difficult>
    <bndbox>
      <xmin>2064</xmin>
      <ymin>1013</ymin>
      <xmax>2177</xmax>
      <ymax>1088</ymax>
    </bndbox>
  </object>
  <object>
    <name>expr</name>
    <pose>Unspecified</pose>
    <truncated>0</truncated>
    <occluded>0</occluded>
    <difficult>0</difficult>
    <bndbox>
      <xmin>2272</xmin>
      <ymin>1011</ymin>
      <xmax>2665</xmax>
      <ymax>1087</ymax>
    </bndbox>
  </object>
  <object>
    <name>expr</name>
    <pose>Unspecified</pose>
    <truncated>0</truncated>
    <occluded>0</occluded>
    <difficult>0</difficult>
    <bndbox>
      <xmin>2868</xmin>
      <ymin>935</ymin>
      <xmax>3657</xmax>
      <ymax>1140</ymax>
    </bndbox>
  </object>
  <object>
    <name>expr</name>
    <pose>Unspecified</pose>
    <truncated>0</truncated>
    <occluded>0</occluded>
    <difficult>0</difficult>
    <bndbox>
      <xmin>730</xmin>
      <ymin>1191</ymin>
      <xmax>761</xmax>
      <ymax>1230</ymax>
    </bndbox>
  </object>
  <object>
    <name>expr</name>
    <pose>Unspecified</pose>
    <truncated>0</truncated>
    <occluded>0</occluded>
    <difficult>0</difficult>
    <bndbox>
      <xmin>2644</xmin>
      <ymin>1157</ymin>
      <xmax>2867</xmax>
      <ymax>1226</ymax>
    </bndbox>
  </object>
  <object>
    <name>expr</name>
    <pose>Unspecified</pose>
    <truncated>0</truncated>
    <occluded>0</occluded>
    <difficult>0</difficult>
    <bndbox>
      <xmin>2936</xmin>
      <ymin>1165</ymin>
      <xmax>3065</xmax>
      <ymax>1246</ymax>
    </bndbox>
  </object>
  <object>
    <name>expr</name>
    <pose>Unspecified</pose>
    <truncated>0</truncated>
    <occluded>0</occluded>
    <difficult>0</difficult>
    <bndbox>
      <xmin>2588</xmin>
      <ymin>1275</ymin>
      <xmax>2655</xmax>
      <ymax>1334</ymax>
    </bndbox>
  </object>
  <object>
    <name>expr</name>
    <pose>Unspecified</pose>
    <truncated>0</truncated>
    <occluded>0</occluded>
    <difficult>0</difficult>
    <bndbox>
      <xmin>2832</xmin>
      <ymin>1271</ymin>
      <xmax>2961</xmax>
      <ymax>1354</ymax>
    </bndbox>
  </object>
  <object>
    <name>expr</name>
    <pose>Unspecified</pose>
    <truncated>0</truncated>
    <occluded>0</occluded>
    <difficult>0</difficult>
    <bndbox>
      <xmin>1574</xmin>
      <ymin>1385</ymin>
      <xmax>1777</xmax>
      <ymax>1444</ymax>
    </bndbox>
  </object>
  <object>
    <name>expr</name>
    <pose>Unspecified</pose>
    <truncated>0</truncated>
    <occluded>0</occluded>
    <difficult>0</difficult>
    <bndbox>
      <xmin>900</xmin>
      <ymin>1481</ymin>
      <xmax>987</xmax>
      <ymax>1550</ymax>
    </bndbox>
  </object>
  <object>
    <name>expr</name>
    <pose>Unspecified</pose>
    <truncated>0</truncated>
    <occluded>0</occluded>
    <difficult>0</difficult>
    <bndbox>
      <xmin>2290</xmin>
      <ymin>1511</ymin>
      <xmax>2323</xmax>
      <ymax>1550</ymax>
    </bndbox>
  </object>
  <object>
    <name>expr</name>
    <pose>Unspecified</pose>
    <truncated>0</truncated>
    <occluded>0</occluded>
    <difficult>0</difficult>
    <bndbox>
      <xmin>1330</xmin>
      <ymin>2769</ymin>
      <xmax>1893</xmax>
      <ymax>2956</ymax>
    </bndbox>
  </object>
  <object>
    <name>expr</name>
    <pose>Unspecified</pose>
    <truncated>0</truncated>
    <occluded>0</occluded>
    <difficult>0</difficult>
    <bndbox>
      <xmin>2118</xmin>
      <ymin>2841</ymin>
      <xmax>2291</xmax>
      <ymax>2922</ymax>
    </bndbox>
  </object>
  <object>
    <name>expr</name>
    <pose>Unspecified</pose>
    <truncated>0</truncated>
    <occluded>0</occluded>
    <difficult>0</difficult>
    <bndbox>
      <xmin>1194</xmin>
      <ymin>3003</ymin>
      <xmax>1325</xmax>
      <ymax>3084</ymax>
    </bndbox>
  </object>
  <object>
    <name>expr</name>
    <pose>Unspecified</pose>
    <truncated>0</truncated>
    <occluded>0</occluded>
    <difficult>0</difficult>
    <bndbox>
      <xmin>1808</xmin>
      <ymin>3029</ymin>
      <xmax>1841</xmax>
      <ymax>3084</ymax>
    </bndbox>
  </object>
  <object>
    <name>expr</name>
    <pose>Unspecified</pose>
    <truncated>0</truncated>
    <occluded>0</occluded>
    <difficult>0</difficult>
    <bndbox>
      <xmin>3195</xmin>
      <ymin>3001</ymin>
      <xmax>3279</xmax>
      <ymax>3080</ymax>
    </bndbox>
  </object>
  <object>
    <name>expr</name>
    <pose>Unspecified</pose>
    <truncated>0</truncated>
    <occluded>0</occluded>
    <difficult>0</difficult>
    <bndbox>
      <xmin>466</xmin>
      <ymin>3107</ymin>
      <xmax>1038</xmax>
      <ymax>3188</ymax>
    </bndbox>
  </object>
  <object>
    <name>expr</name>
    <pose>Unspecified</pose>
    <truncated>0</truncated>
    <occluded>0</occluded>
    <difficult>0</difficult>
    <bndbox>
      <xmin>972</xmin>
      <ymin>3323</ymin>
      <xmax>1035</xmax>
      <ymax>3382</ymax>
    </bndbox>
  </object>
  <object>
    <name>expr</name>
    <pose>Unspecified</pose>
    <truncated>0</truncated>
    <occluded>0</occluded>
    <difficult>0</difficult>
    <bndbox>
      <xmin>1622</xmin>
      <ymin>3321</ymin>
      <xmax>1753</xmax>
      <ymax>3404</ymax>
    </bndbox>
  </object>
  <object>
    <name>expr</name>
    <pose>Unspecified</pose>
    <truncated>0</truncated>
    <occluded>0</occluded>
    <difficult>0</difficult>
    <bndbox>
      <xmin>2040</xmin>
      <ymin>3321</ymin>
      <xmax>2539</xmax>
      <ymax>3402</ymax>
    </bndbox>
  </object>
  <object>
    <name>expr</name>
    <pose>Unspecified</pose>
    <truncated>0</truncated>
    <occluded>0</occluded>
    <difficult>0</difficult>
    <bndbox>
      <xmin>3182</xmin>
      <ymin>3319</ymin>
      <xmax>3631</xmax>
      <ymax>3400</ymax>
    </bndbox>
  </object>
  <object>
    <name>expr</name>
    <pose>Unspecified</pose>
    <truncated>0</truncated>
    <occluded>0</occluded>
    <difficult>0</difficult>
    <bndbox>
      <xmin>1206</xmin>
      <ymin>3429</ymin>
      <xmax>1441</xmax>
      <ymax>3496</ymax>
    </bndbox>
  </object>
  <object>
    <name>expr</name>
    <pose>Unspecified</pose>
    <truncated>0</truncated>
    <occluded>0</occluded>
    <difficult>0</difficult>
    <bndbox>
      <xmin>3322</xmin>
      <ymin>3425</ymin>
      <xmax>3633</xmax>
      <ymax>3506</ymax>
    </bndbox>
  </object>
  <object>
    <name>expr</name>
    <pose>Unspecified</pose>
    <truncated>0</truncated>
    <occluded>0</occluded>
    <difficult>0</difficult>
    <bndbox>
      <xmin>452</xmin>
      <ymin>3533</ymin>
      <xmax>1081</xmax>
      <ymax>3614</ymax>
    </bndbox>
  </object>
  <object>
    <name>expr</name>
    <pose>Unspecified</pose>
    <truncated>0</truncated>
    <occluded>0</occluded>
    <difficult>0</difficult>
    <bndbox>
      <xmin>3454</xmin>
      <ymin>3531</ymin>
      <xmax>3629</xmax>
      <ymax>3610</ymax>
    </bndbox>
  </object>
  <object>
    <name>expr</name>
    <pose>Unspecified</pose>
    <truncated>0</truncated>
    <occluded>0</occluded>
    <difficult>0</difficult>
    <bndbox>
      <xmin>464</xmin>
      <ymin>3639</ymin>
      <xmax>1071</xmax>
      <ymax>3720</ymax>
    </bndbox>
  </object>
  <object>
    <name>expr</name>
    <pose>Unspecified</pose>
    <truncated>0</truncated>
    <occluded>0</occluded>
    <difficult>0</difficult>
    <bndbox>
      <xmin>1282</xmin>
      <ymin>3855</ymin>
      <xmax>1879</xmax>
      <ymax>3934</ymax>
    </bndbox>
  </object>
  <object>
    <name>expr</name>
    <pose>Unspecified</pose>
    <truncated>0</truncated>
    <occluded>0</occluded>
    <difficult>0</difficult>
    <bndbox>
      <xmin>2652</xmin>
      <ymin>3951</ymin>
      <xmax>3217</xmax>
      <ymax>4110</ymax>
    </bndbox>
  </object>
  <object>
    <name>expr</name>
    <pose>Unspecified</pose>
    <truncated>0</truncated>
    <occluded>0</occluded>
    <difficult>0</difficult>
    <bndbox>
      <xmin>1164</xmin>
      <ymin>4139</ymin>
      <xmax>1235</xmax>
      <ymax>4200</ymax>
    </bndbox>
  </object>
  <object>
    <name>expr</name>
    <pose>Unspecified</pose>
    <truncated>0</truncated>
    <occluded>0</occluded>
    <difficult>0</difficult>
    <bndbox>
      <xmin>2190</xmin>
      <ymin>4139</ymin>
      <xmax>2573</xmax>
      <ymax>4218</ymax>
    </bndbox>
  </object>
  <object>
    <name>expr</name>
    <pose>Unspecified</pose>
    <truncated>0</truncated>
    <occluded>0</occluded>
    <difficult>0</difficult>
    <bndbox>
      <xmin>2934</xmin>
      <ymin>4143</ymin>
      <xmax>3145</xmax>
      <ymax>4204</ymax>
    </bndbox>
  </object>
  <object>
    <name>expr</name>
    <pose>Unspecified</pose>
    <truncated>0</truncated>
    <occluded>0</occluded>
    <difficult>0</difficult>
    <bndbox>
      <xmin>452</xmin>
      <ymin>4245</ymin>
      <xmax>531</xmax>
      <ymax>4326</ymax>
    </bndbox>
  </object>
  <object>
    <name>expr</name>
    <pose>Unspecified</pose>
    <truncated>0</truncated>
    <occluded>0</occluded>
    <difficult>0</difficult>
    <bndbox>
      <xmin>950</xmin>
      <ymin>4247</ymin>
      <xmax>1193</xmax>
      <ymax>4328</ymax>
    </bndbox>
  </object>
  <object>
    <name>expr</name>
    <pose>Unspecified</pose>
    <truncated>0</truncated>
    <occluded>0</occluded>
    <difficult>0</difficult>
    <bndbox>
      <xmin>1558</xmin>
      <ymin>4247</ymin>
      <xmax>2131</xmax>
      <ymax>4326</ymax>
    </bndbox>
  </object>
  <object>
    <name>expr</name>
    <pose>Unspecified</pose>
    <truncated>0</truncated>
    <occluded>0</occluded>
    <difficult>0</difficult>
    <bndbox>
      <xmin>2440</xmin>
      <ymin>4245</ymin>
      <xmax>2649</xmax>
      <ymax>4306</ymax>
    </bndbox>
  </object>
  <object>
    <name>expr</name>
    <pose>Unspecified</pose>
    <truncated>0</truncated>
    <occluded>0</occluded>
    <difficult>0</difficult>
    <bndbox>
      <xmin>2074</xmin>
      <ymin>4549</ymin>
      <xmax>2177</xmax>
      <ymax>4610</ymax>
    </bndbox>
  </object>
  <object>
    <name>expr</name>
    <pose>Unspecified</pose>
    <truncated>0</truncated>
    <occluded>0</occluded>
    <difficult>0</difficult>
    <bndbox>
      <xmin>2612</xmin>
      <ymin>4549</ymin>
      <xmax>2745</xmax>
      <ymax>4626</ymax>
    </bndbox>
  </object>
  <object>
    <name>expr</name>
    <pose>Unspecified</pose>
    <truncated>0</truncated>
    <occluded>0</occluded>
    <difficult>0</difficult>
    <bndbox>
      <xmin>836</xmin>
      <ymin>4727</ymin>
      <xmax>969</xmax>
      <ymax>4804</ymax>
    </bndbox>
  </object>
  <object>
    <name>expr</name>
    <pose>Unspecified</pose>
    <truncated>0</truncated>
    <occluded>0</occluded>
    <difficult>0</difficult>
    <bndbox>
      <xmin>1668</xmin>
      <ymin>4726</ymin>
      <xmax>1753</xmax>
      <ymax>4804</ymax>
    </bndbox>
  </object>
  <object>
    <name>expr</name>
    <pose>Unspecified</pose>
    <truncated>0</truncated>
    <occluded>0</occluded>
    <difficult>0</difficult>
    <bndbox>
      <xmin>1970</xmin>
      <ymin>4709</ymin>
      <xmax>2467</xmax>
      <ymax>4828</ymax>
    </bndbox>
  </object>
  <object>
    <name>expr</name>
    <pose>Unspecified</pose>
    <truncated>0</truncated>
    <occluded>0</occluded>
    <difficult>0</difficult>
    <bndbox>
      <xmin>2704</xmin>
      <ymin>4659</ymin>
      <xmax>3653</xmax>
      <ymax>4842</ymax>
    </bndbox>
  </object>
  <object>
    <name>expr</name>
    <pose>Unspecified</pose>
    <truncated>0</truncated>
    <occluded>0</occluded>
    <difficult>0</difficult>
    <bndbox>
      <xmin>676</xmin>
      <ymin>4869</ymin>
      <xmax>1773</xmax>
      <ymax>4988</ymax>
    </bndbox>
  </object>
  <object>
    <name>expr</name>
    <pose>Unspecified</pose>
    <truncated>0</truncated>
    <occluded>0</occluded>
    <difficult>0</difficult>
    <bndbox>
      <xmin>2098</xmin>
      <ymin>4880</ymin>
      <xmax>2273</xmax>
      <ymax>4968</ymax>
    </bndbox>
  </object>
  <object>
    <name>expr</name>
    <pose>Unspecified</pose>
    <truncated>0</truncated>
    <occluded>0</occluded>
    <difficult>0</difficult>
    <bndbox>
      <xmin>2442</xmin>
      <ymin>4883</ymin>
      <xmax>2545</xmax>
      <ymax>4946</ymax>
    </bndbox>
  </object>
  <object>
    <name>expr</name>
    <pose>Unspecified</pose>
    <truncated>0</truncated>
    <occluded>0</occluded>
    <difficult>0</difficult>
    <bndbox>
      <xmin>2382</xmin>
      <ymin>4991</ymin>
      <xmax>2555</xmax>
      <ymax>5070</ymax>
    </bndbox>
  </object>
  <object>
    <name>expr</name>
    <pose>Unspecified</pose>
    <truncated>0</truncated>
    <occluded>0</occluded>
    <difficult>0</difficult>
    <bndbox>
      <xmin>2856</xmin>
      <ymin>4987</ymin>
      <xmax>3347</xmax>
      <ymax>5072</ymax>
    </bndbox>
  </object>
  <object>
    <name>expr</name>
    <pose>Unspecified</pose>
    <truncated>0</truncated>
    <occluded>0</occluded>
    <difficult>0</difficult>
    <bndbox>
      <xmin>2124</xmin>
      <ymin>5099</ymin>
      <xmax>2299</xmax>
      <ymax>5178</ymax>
    </bndbox>
  </object>
  <object>
    <name>expr</name>
    <pose>Unspecified</pose>
    <truncated>0</truncated>
    <occluded>0</occluded>
    <difficult>0</difficult>
    <bndbox>
      <xmin>2568</xmin>
      <ymin>5091</ymin>
      <xmax>3205</xmax>
      <ymax>5232</ymax>
    </bndbox>
  </object>
</annotation>