<annotation>
  <folder>images</folder>
  <filename>21.png</filename>
  <size>
    <width>5100</width>
    <height>6601</height>
    <depth>3</depth>
  </size>
  <segmented>0</segmented>
  <object>
    <name>expr</name>
    <pose>Unspecified</pose>
    <truncated>0</truncated>
    <occluded>0</occluded>
    <difficult>0</difficult>
    <bndbox>
      <xmin>598</xmin>
      <ymin>817</ymin>
      <xmax>3515</xmax>
      <ymax>1086</ymax>
    </bndbox>
  </object>
  <object>
    <name>expr</name>
    <pose>Unspecified</pose>
    <truncated>0</truncated>
    <occluded>0</occluded>
    <difficult>0</difficult>
    <bndbox>
      <xmin>1288</xmin>
      <ymin>1169</ymin>
      <xmax>2803</xmax>
      <ymax>1412</ymax>
    </bndbox>
  </object>
  <object>
    <name>expr</name>
    <pose>Unspecified</pose>
    <truncated>0</truncated>
    <occluded>0</occluded>
    <difficult>0</difficult>
    <bndbox>
      <xmin>714</xmin>
      <ymin>1487</ymin>
      <xmax>1673</xmax>
      <ymax>1674</ymax>
    </bndbox>
  </object>
  <object>
    <name>expr</name>
    <pose>Unspecified</pose>
    <truncated>0</truncated>
    <occluded>0</occluded>
    <difficult>0</difficult>
    <bndbox>
      <xmin>1916</xmin>
      <ymin>1565</ymin>
      <xmax>2145</xmax>
      <ymax>1645</ymax>
    </bndbox>
  </object>
  <object>
    <name>expr</name>
    <pose>Unspecified</pose>
    <truncated>0</truncated>
    <occluded>0</occluded>
    <difficult>0</difficult>
    <bndbox>
      <xmin>2422</xmin>
      <ymin>1585</ymin>
      <xmax>2457</xmax>
      <ymax>1624</ymax>
    </bndbox>
  </object>
  <object>
    <name>expr</name>
    <pose>Unspecified</pose>
    <truncated>0</truncated>
    <occluded>0</occluded>
    <difficult>0</difficult>
    <bndbox>
      <xmin>454</xmin>
      <ymin>1719</ymin>
      <xmax>1347</xmax>
      <ymax>1802</ymax>
    </bndbox>
  </object>
  <object>
    <name>expr</name>
    <pose>Unspecified</pose>
    <truncated>0</truncated>
    <occluded>0</occluded>
    <difficult>0</difficult>
    <bndbox>
      <xmin>1530</xmin>
      <ymin>1719</ymin>
      <xmax>2017</xmax>
      <ymax>1802</ymax>
    </bndbox>
  </object>
  <object>
    <name>expr</name>
    <pose>Unspecified</pose>
    <truncated>0</truncated>
    <occluded>0</occluded>
    <difficult>0</difficult>
    <bndbox>
      <xmin>2294</xmin>
      <ymin>1723</ymin>
      <xmax>2441</xmax>
      <ymax>1804</ymax>
    </bndbox>
  </object>
  <object>
    <name>expr</name>
    <pose>Unspecified</pose>
    <truncated>0</truncated>
    <occluded>0</occluded>
    <difficult>0</difficult>
    <bndbox>
      <xmin>2690</xmin>
      <ymin>1723</ymin>
      <xmax>2859</xmax>
      <ymax>1806</ymax>
    </bndbox>
  </object>
  <object>
    <name>expr</name>
    <pose>Unspecified</pose>
    <truncated>0</truncated>
    <occluded>0</occluded>
    <difficult>0</difficult>
    <bndbox>
      <xmin>1420</xmin>
      <ymin>1831</ymin>
      <xmax>1649</xmax>
      <ymax>1908</ymax>
    </bndbox>
  </object>
  <object>
    <name>expr</name>
    <pose>Unspecified</pose>
    <truncated>0</truncated>
    <occluded>0</occluded>
    <difficult>0</difficult>
    <bndbox>
      <xmin>1976</xmin>
      <ymin>1827</ymin>
      <xmax>2107</xmax>
      <ymax>1910</ymax>
    </bndbox>
  </object>
  <object>
    <name>expr</name>
    <pose>Unspecified</pose>
    <truncated>0</truncated>
    <occluded>0</occluded>
    <difficult>0</difficult>
    <bndbox>
      <xmin>1028</xmin>
      <ymin>1933</ymin>
      <xmax>1555</xmax>
      <ymax>2014</ymax>
    </bndbox>
  </object>
  <object>
    <name>expr</name>
    <pose>Unspecified</pose>
    <truncated>0</truncated>
    <occluded>0</occluded>
    <difficult>0</difficult>
    <bndbox>
      <xmin>2260</xmin>
      <ymin>1937</ymin>
      <xmax>2845</xmax>
      <ymax>2018</ymax>
    </bndbox>
  </object>
  <object>
    <name>expr</name>
    <pose>Unspecified</pose>
    <truncated>0</truncated>
    <occluded>0</occluded>
    <difficult>0</difficult>
    <bndbox>
      <xmin>460</xmin>
      <ymin>2027</ymin>
      <xmax>2037</xmax>
      <ymax>2242</ymax>
    </bndbox>
  </object>
  <object>
    <name>expr</name>
    <pose>Unspecified</pose>
    <truncated>0</truncated>
    <occluded>0</occluded>
    <difficult>0</difficult>
    <bndbox>
      <xmin>2592</xmin>
      <ymin>2117</ymin>
      <xmax>2859</xmax>
      <ymax>2208</ymax>
    </bndbox>
  </object>
  <object>
    <name>expr</name>
    <pose>Unspecified</pose>
    <truncated>0</truncated>
    <occluded>0</occluded>
    <difficult>0</difficult>
    <bndbox>
      <xmin>710</xmin>
      <ymin>2293</ymin>
      <xmax>751</xmax>
      <ymax>2352</ymax>
    </bndbox>
  </object>
  <object>
    <name>expr</name>
    <pose>Unspecified</pose>
    <truncated>0</truncated>
    <occluded>0</occluded>
    <difficult>0</difficult>
    <bndbox>
      <xmin>2676</xmin>
      <ymin>2263</ymin>
      <xmax>2883</xmax>
      <ymax>2356</ymax>
    </bndbox>
  </object>
  <object>
    <name>expr</name>
    <pose>Unspecified</pose>
    <truncated>0</truncated>
    <occluded>0</occluded>
    <difficult>0</difficult>
    <bndbox>
      <xmin>3546</xmin>
      <ymin>2265</ymin>
      <xmax>3659</xmax>
      <ymax>2358</ymax>
    </bndbox>
  </object>
  <object>
    <name>expr</name>
    <pose>Unspecified</pose>
    <truncated>0</truncated>
    <occluded>0</occluded>
    <difficult>0</difficult>
    <bndbox>
      <xmin>1124</xmin>
      <ymin>2385</ymin>
      <xmax>1351</xmax>
      <ymax>2460</ymax>
    </bndbox>
  </object>
  <object>
    <name>expr</name>
    <pose>Unspecified</pose>
    <truncated>0</truncated>
    <occluded>0</occluded>
    <difficult>0</difficult>
    <bndbox>
      <xmin>1636</xmin>
      <ymin>2403</ymin>
      <xmax>1669</xmax>
      <ymax>2442</ymax>
    </bndbox>
  </object>
  <object>
    <name>expr</name>
    <pose>Unspecified</pose>
    <truncated>0</truncated>
    <occluded>0</occluded>
    <difficult>0</difficult>
    <bndbox>
      <xmin>3136</xmin>
      <ymin>2375</ymin>
      <xmax>3229</xmax>
      <ymax>2464</ymax>
    </bndbox>
  </object>
  <object>
    <name>expr</name>
    <pose>Unspecified</pose>
    <truncated>0</truncated>
    <occluded>0</occluded>
    <difficult>0</difficult>
    <bndbox>
      <xmin>456</xmin>
      <ymin>2471</ymin>
      <xmax>991</xmax>
      <ymax>2670</ymax>
    </bndbox>
  </object>
  <object>
    <name>expr</name>
    <pose>Unspecified</pose>
    <truncated>0</truncated>
    <occluded>0</occluded>
    <difficult>0</difficult>
    <bndbox>
      <xmin>1636</xmin>
      <ymin>2579</ymin>
      <xmax>1667</xmax>
      <ymax>2620</ymax>
    </bndbox>
  </object>
  <object>
    <name>expr</name>
    <pose>Unspecified</pose>
    <truncated>0</truncated>
    <occluded>0</occluded>
    <difficult>0</difficult>
    <bndbox>
      <xmin>2520</xmin>
      <ymin>2723</ymin>
      <xmax>2603</xmax>
      <ymax>2804</ymax>
    </bndbox>
  </object>
  <object>
    <name>expr</name>
    <pose>Unspecified</pose>
    <truncated>0</truncated>
    <occluded>0</occluded>
    <difficult>0</difficult>
    <bndbox>
      <xmin>3310</xmin>
      <ymin>2743</ymin>
      <xmax>3343</xmax>
      <ymax>2784</ymax>
    </bndbox>
  </object>
  <object>
    <name>expr</name>
    <pose>Unspecified</pose>
    <truncated>0</truncated>
    <occluded>0</occluded>
    <difficult>0</difficult>
    <bndbox>
      <xmin>3612</xmin>
      <ymin>2745</ymin>
      <xmax>3671</xmax>
      <ymax>2786</ymax>
    </bndbox>
  </object>
  <object>
    <name>expr</name>
    <pose>Unspecified</pose>
    <truncated>0</truncated>
    <occluded>0</occluded>
    <difficult>0</difficult>
    <bndbox>
      <xmin>948</xmin>
      <ymin>2823</ymin>
      <xmax>2053</xmax>
      <ymax>2908</ymax>
    </bndbox>
  </object>
  <object>
    <name>expr</name>
    <pose>Unspecified</pose>
    <truncated>0</truncated>
    <occluded>0</occluded>
    <difficult>0</difficult>
    <bndbox>
      <xmin>3068</xmin>
      <ymin>2831</ymin>
      <xmax>3193</xmax>
      <ymax>2912</ymax>
    </bndbox>
  </object>
  <object>
    <name>expr</name>
    <pose>Unspecified</pose>
    <truncated>0</truncated>
    <occluded>0</occluded>
    <difficult>0</difficult>
    <bndbox>
      <xmin>3492</xmin>
      <ymin>2833</ymin>
      <xmax>3661</xmax>
      <ymax>2912</ymax>
    </bndbox>
  </object>
  <object>
    <name>expr</name>
    <pose>Unspecified</pose>
    <truncated>0</truncated>
    <occluded>0</occluded>
    <difficult>0</difficult>
    <bndbox>
      <xmin>1018</xmin>
      <ymin>3025</ymin>
      <xmax>1457</xmax>
      <ymax>3242</ymax>
    </bndbox>
  </object>
  <object>
    <name>expr</name>
    <pose>Unspecified</pose>
    <truncated>0</truncated>
    <occluded>0</occluded>
    <difficult>0</difficult>
    <bndbox>
      <xmin>3412</xmin>
      <ymin>3275</ymin>
      <xmax>3645</xmax>
      <ymax>3338</ymax>
    </bndbox>
  </object>
  <object>
    <name>expr</name>
    <pose>Unspecified</pose>
    <truncated>0</truncated>
    <occluded>0</occluded>
    <difficult>0</difficult>
    <bndbox>
      <xmin>1302</xmin>
      <ymin>3395</ymin>
      <xmax>1581</xmax>
      <ymax>3452</ymax>
    </bndbox>
  </object>
  <object>
    <name>expr</name>
    <pose>Unspecified</pose>
    <truncated>0</truncated>
    <occluded>0</occluded>
    <difficult>0</difficult>
    <bndbox>
      <xmin>2220</xmin>
      <ymin>3377</ymin>
      <xmax>2289</xmax>
      <ymax>3440</ymax>
    </bndbox>
  </object>
  <object>
    <name>expr</name>
    <pose>Unspecified</pose>
    <truncated>0</truncated>
    <occluded>0</occluded>
    <difficult>0</difficult>
    <bndbox>
      <xmin>2552</xmin>
      <ymin>3381</ymin>
      <xmax>2597</xmax>
      <ymax>3460</ymax>
    </bndbox>
  </object>
  <object>
    <name>expr</name>
    <pose>Unspecified</pose>
    <truncated>0</truncated>
    <occluded>0</occluded>
    <difficult>0</difficult>
    <bndbox>
      <xmin>3325</xmin>
      <ymin>3401</ymin>
      <xmax>3383</xmax>
      <ymax>3442</ymax>
    </bndbox>
  </object>
  <object>
    <name>expr</name>
    <pose>Unspecified</pose>
    <truncated>0</truncated>
    <occluded>0</occluded>
    <difficult>0</difficult>
    <bndbox>
      <xmin>3608</xmin>
      <ymin>3403</ymin>
      <xmax>3641</xmax>
      <ymax>3442</ymax>
    </bndbox>
  </object>
  <object>
    <name>expr</name>
    <pose>Unspecified</pose>
    <truncated>0</truncated>
    <occluded>0</occluded>
    <difficult>0</difficult>
    <bndbox>
      <xmin>1046</xmin>
      <ymin>3643</ymin>
      <xmax>2329</xmax>
      <ymax>3830</ymax>
    </bndbox>
  </object>
  <object>
    <name>expr</name>
    <pose>Unspecified</pose>
    <truncated>0</truncated>
    <occluded>0</occluded>
    <difficult>0</difficult>
    <bndbox>
      <xmin>2578</xmin>
      <ymin>3717</ymin>
      <xmax>3091</xmax>
      <ymax>3800</ymax>
    </bndbox>
  </object>
  <object>
    <name>expr</name>
    <pose>Unspecified</pose>
    <truncated>0</truncated>
    <occluded>0</occluded>
    <difficult>0</difficult>
    <bndbox>
      <xmin>810</xmin>
      <ymin>3963</ymin>
      <xmax>841</xmax>
      <ymax>4004</ymax>
    </bndbox>
  </object>
  <object>
    <name>expr</name>
    <pose>Unspecified</pose>
    <truncated>0</truncated>
    <occluded>0</occluded>
    <difficult>0</difficult>
    <bndbox>
      <xmin>1354</xmin>
      <ymin>3947</ymin>
      <xmax>2165</xmax>
      <ymax>4030</ymax>
    </bndbox>
  </object>
  <object>
    <name>expr</name>
    <pose>Unspecified</pose>
    <truncated>0</truncated>
    <occluded>0</occluded>
    <difficult>0</difficult>
    <bndbox>
      <xmin>1352</xmin>
      <ymin>4049</ymin>
      <xmax>1969</xmax>
      <ymax>4342</ymax>
    </bndbox>
  </object>
  <object>
    <name>expr</name>
    <pose>Unspecified</pose>
    <truncated>0</truncated>
    <occluded>0</occluded>
    <difficult>0</difficult>
    <bndbox>
      <xmin>2350</xmin>
      <ymin>4109</ymin>
      <xmax>2961</xmax>
      <ymax>4314</ymax>
    </bndbox>
  </object>
  <object>
    <name>expr</name>
    <pose>Unspecified</pose>
    <truncated>0</truncated>
    <occluded>0</occluded>
    <difficult>0</difficult>
    <bndbox>
      <xmin>468</xmin>
      <ymin>4371</ymin>
      <xmax>677</xmax>
      <ymax>4436</ymax>
    </bndbox>
  </object>
  <object>
    <name>expr</name>
    <pose>Unspecified</pose>
    <truncated>0</truncated>
    <occluded>0</occluded>
    <difficult>0</difficult>
    <bndbox>
      <xmin>1240</xmin>
      <ymin>4391</ymin>
      <xmax>1299</xmax>
      <ymax>4452</ymax>
    </bndbox>
  </object>
  <object>
    <name>expr</name>
    <pose>Unspecified</pose>
    <truncated>0</truncated>
    <occluded>0</occluded>
    <difficult>0</difficult>
    <bndbox>
      <xmin>2498</xmin>
      <ymin>4381</ymin>
      <xmax>2725</xmax>
      <ymax>4456</ymax>
    </bndbox>
  </object>
  <object>
    <name>expr</name>
    <pose>Unspecified</pose>
    <truncated>0</truncated>
    <occluded>0</occluded>
    <difficult>0</difficult>
    <bndbox>
      <xmin>2960</xmin>
      <ymin>4399</ymin>
      <xmax>2991</xmax>
      <ymax>4436</ymax>
    </bndbox>
  </object>
  <object>
    <name>expr</name>
    <pose>Unspecified</pose>
    <truncated>0</truncated>
    <occluded>0</occluded>
    <difficult>0</difficult>
    <bndbox>
      <xmin>1188</xmin>
      <ymin>4550</ymin>
      <xmax>2941</xmax>
      <ymax>4808</ymax>
    </bndbox>
  </object>
  <object>
    <name>expr</name>
    <pose>Unspecified</pose>
    <truncated>0</truncated>
    <occluded>0</occluded>
    <difficult>0</difficult>
    <bndbox>
      <xmin>748</xmin>
      <ymin>4921</ymin>
      <xmax>1059</xmax>
      <ymax>5002</ymax>
    </bndbox>
  </object>
  <object>
    <name>expr</name>
    <pose>Unspecified</pose>
    <truncated>0</truncated>
    <occluded>0</occluded>
    <difficult>0</difficult>
    <bndbox>
      <xmin>1346</xmin>
      <ymin>5205</ymin>
      <xmax>2283</xmax>
      <ymax>5288</ymax>
    </bndbox>
  </object>
  <object>
    <name>expr</name>
    <pose>Unspecified</pose>
    <truncated>0</truncated>
    <occluded>0</occluded>
    <difficult>0</difficult>
    <bndbox>
      <xmin>2528</xmin>
      <ymin>5209</ymin>
      <xmax>2763</xmax>
      <ymax>5274</ymax>
    </bndbox>
  </object>
</annotation>