<annotation>
  <folder>images</folder>
  <filename>5.png</filename>
  <size>
    <width>5100</width>
    <height>6601</height>
    <depth>3</depth>
  </size>
  <segmented>0</segmented>
  <object>
    <name>expr</name>
    <pose>Unspecified</pose>
    <truncated>0</truncated>
    <occluded>0</occluded>
    <difficult>0</difficult>
    <bndbox>
      <xmin>1266</xmin>
      <ymin>829</ymin>
      <xmax>2795</xmax>
      <ymax>1036</ymax>
    </bndbox>
  </object>
  <object>
    <name>expr</name>
    <pose>Unspecified</pose>
    <truncated>0</truncated>
    <occluded>0</occluded>
    <difficult>0</difficult>
    <bndbox>
      <xmin>1216</xmin>
      <ymin>1149</ymin>
      <xmax>1351</xmax>
      <ymax>1234</ymax>
    </bndbox>
  </object>
  <object>
    <name>expr</name>
    <pose>Unspecified</pose>
    <truncated>0</truncated>
    <occluded>0</occluded>
    <difficult>0</difficult>
    <bndbox>
      <xmin>1038</xmin>
      <ymin>1293</ymin>
      <xmax>2133</xmax>
      <ymax>1500</ymax>
    </bndbox>
  </object>
  <object>
    <name>expr</name>
    <pose>Unspecified</pose>
    <truncated>0</truncated>
    <occluded>0</occluded>
    <difficult>0</difficult>
    <bndbox>
      <xmin>2762</xmin>
      <ymin>1371</ymin>
      <xmax>2989</xmax>
      <ymax>1436</ymax>
    </bndbox>
  </object>
  <object>
    <name>expr</name>
    <pose>Unspecified</pose>
    <truncated>0</truncated>
    <occluded>0</occluded>
    <difficult>0</difficult>
    <bndbox>
      <xmin>602</xmin>
      <ymin>1545</ymin>
      <xmax>1519</xmax>
      <ymax>1842</ymax>
    </bndbox>
  </object>
  <object>
    <name>expr</name>
    <pose>Unspecified</pose>
    <truncated>0</truncated>
    <occluded>0</occluded>
    <difficult>0</difficult>
    <bndbox>
      <xmin>602</xmin>
      <ymin>1869</ymin>
      <xmax>1523</xmax>
      <ymax>2164</ymax>
    </bndbox>
  </object>
  <object>
    <name>expr</name>
    <pose>Unspecified</pose>
    <truncated>0</truncated>
    <occluded>0</occluded>
    <difficult>0</difficult>
    <bndbox>
      <xmin>1340</xmin>
      <ymin>2457</ymin>
      <xmax>1467</xmax>
      <ymax>2536</ymax>
    </bndbox>
  </object>
  <object>
    <name>expr</name>
    <pose>Unspecified</pose>
    <truncated>0</truncated>
    <occluded>0</occluded>
    <difficult>0</difficult>
    <bndbox>
      <xmin>2768</xmin>
      <ymin>2481</ymin>
      <xmax>2801</xmax>
      <ymax>2536</ymax>
    </bndbox>
  </object>
  <object>
    <name>expr</name>
    <pose>Unspecified</pose>
    <truncated>0</truncated>
    <occluded>0</occluded>
    <difficult>0</difficult>
    <bndbox>
      <xmin>432</xmin>
      <ymin>2563</ymin>
      <xmax>743</xmax>
      <ymax>2644</ymax>
    </bndbox>
  </object>
  <object>
    <name>expr</name>
    <pose>Unspecified</pose>
    <truncated>0</truncated>
    <occluded>0</occluded>
    <difficult>0</difficult>
    <bndbox>
      <xmin>1110</xmin>
      <ymin>2561</ymin>
      <xmax>1423</xmax>
      <ymax>2644</ymax>
    </bndbox>
  </object>
  <object>
    <name>expr</name>
    <pose>Unspecified</pose>
    <truncated>0</truncated>
    <occluded>0</occluded>
    <difficult>0</difficult>
    <bndbox>
      <xmin>1334</xmin>
      <ymin>2709</ymin>
      <xmax>2749</xmax>
      <ymax>2958</ymax>
    </bndbox>
  </object>
  <object>
    <name>expr</name>
    <pose>Unspecified</pose>
    <truncated>0</truncated>
    <occluded>0</occluded>
    <difficult>0</difficult>
    <bndbox>
      <xmin>1290</xmin>
      <ymin>3007</ymin>
      <xmax>1417</xmax>
      <ymax>3090</ymax>
    </bndbox>
  </object>
  <object>
    <name>expr</name>
    <pose>Unspecified</pose>
    <truncated>0</truncated>
    <occluded>0</occluded>
    <difficult>0</difficult>
    <bndbox>
      <xmin>2844</xmin>
      <ymin>3011</ymin>
      <xmax>2921</xmax>
      <ymax>3072</ymax>
    </bndbox>
  </object>
  <object>
    <name>expr</name>
    <pose>Unspecified</pose>
    <truncated>0</truncated>
    <occluded>0</occluded>
    <difficult>0</difficult>
    <bndbox>
      <xmin>1480</xmin>
      <ymin>3117</ymin>
      <xmax>2323</xmax>
      <ymax>3322</ymax>
    </bndbox>
  </object>
  <object>
    <name>expr</name>
    <pose>Unspecified</pose>
    <truncated>0</truncated>
    <occluded>0</occluded>
    <difficult>0</difficult>
    <bndbox>
      <xmin>2548</xmin>
      <ymin>3187</ymin>
      <xmax>2677</xmax>
      <ymax>3268</ymax>
    </bndbox>
  </object>
  <object>
    <name>expr</name>
    <pose>Unspecified</pose>
    <truncated>0</truncated>
    <occluded>0</occluded>
    <difficult>0</difficult>
    <bndbox>
      <xmin>1608</xmin>
      <ymin>3561</ymin>
      <xmax>1953</xmax>
      <ymax>3640</ymax>
    </bndbox>
  </object>
  <object>
    <name>expr</name>
    <pose>Unspecified</pose>
    <truncated>0</truncated>
    <occluded>0</occluded>
    <difficult>0</difficult>
    <bndbox>
      <xmin>3086</xmin>
      <ymin>3559</ymin>
      <xmax>3215</xmax>
      <ymax>3640</ymax>
    </bndbox>
  </object>
  <object>
    <name>expr</name>
    <pose>Unspecified</pose>
    <truncated>0</truncated>
    <occluded>0</occluded>
    <difficult>0</difficult>
    <bndbox>
      <xmin>770</xmin>
      <ymin>3983</ymin>
      <xmax>3215</xmax>
      <ymax>4070</ymax>
    </bndbox>
  </object>
  <object>
    <name>expr</name>
    <pose>Unspecified</pose>
    <truncated>0</truncated>
    <occluded>0</occluded>
    <difficult>0</difficult>
    <bndbox>
      <xmin>1472</xmin>
      <ymin>4123</ymin>
      <xmax>2567</xmax>
      <ymax>4422</ymax>
    </bndbox>
  </object>
  <object>
    <name>expr</name>
    <pose>Unspecified</pose>
    <truncated>0</truncated>
    <occluded>0</occluded>
    <difficult>0</difficult>
    <bndbox>
      <xmin>870</xmin>
      <ymin>4725</ymin>
      <xmax>3191</xmax>
      <ymax>4986</ymax>
    </bndbox>
  </object>
  <object>
    <name>expr</name>
    <pose>Unspecified</pose>
    <truncated>0</truncated>
    <occluded>0</occluded>
    <difficult>0</difficult>
    <bndbox>
      <xmin>1376</xmin>
      <ymin>5029</ymin>
      <xmax>2695</xmax>
      <ymax>5296</ymax>
    </bndbox>
  </object>
</annotation>