<annotation>
  <folder>images</folder>
  <filename>17.png</filename>
  <size>
    <width>5100</width>
    <height>6601</height>
    <depth>3</depth>
  </size>
  <segmented>0</segmented>
  <object>
    <name>expr</name>
    <pose>Unspecified</pose>
    <truncated>0</truncated>
    <occluded>0</occluded>
    <difficult>0</difficult>
    <bndbox>
      <xmin>1136</xmin>
      <ymin>833</ymin>
      <xmax>1193</xmax>
      <ymax>890</ymax>
    </bndbox>
  </object>
  <object>
    <name>expr</name>
    <pose>Unspecified</pose>
    <truncated>0</truncated>
    <occluded>0</occluded>
    <difficult>0</difficult>
    <bndbox>
      <xmin>1770</xmin>
      <ymin>849</ymin>
      <xmax>2025</xmax>
      <ymax>892</ymax>
    </bndbox>
  </object>
  <object>
    <name>expr</name>
    <pose>Unspecified</pose>
    <truncated>0</truncated>
    <occluded>0</occluded>
    <difficult>0</difficult>
    <bndbox>
      <xmin>452</xmin>
      <ymin>933</ymin>
      <xmax>1077</xmax>
      <ymax>1018</ymax>
    </bndbox>
  </object>
  <object>
    <name>expr</name>
    <pose>Unspecified</pose>
    <truncated>0</truncated>
    <occluded>0</occluded>
    <difficult>0</difficult>
    <bndbox>
      <xmin>1714</xmin>
      <ymin>935</ymin>
      <xmax>2741</xmax>
      <ymax>1018</ymax>
    </bndbox>
  </object>
  <object>
    <name>expr</name>
    <pose>Unspecified</pose>
    <truncated>0</truncated>
    <occluded>0</occluded>
    <difficult>0</difficult>
    <bndbox>
      <xmin>3550</xmin>
      <ymin>935</ymin>
      <xmax>3633</xmax>
      <ymax>1016</ymax>
    </bndbox>
  </object>
  <object>
    <name>expr</name>
    <pose>Unspecified</pose>
    <truncated>0</truncated>
    <occluded>0</occluded>
    <difficult>0</difficult>
    <bndbox>
      <xmin>1592</xmin>
      <ymin>1063</ymin>
      <xmax>1649</xmax>
      <ymax>1106</ymax>
    </bndbox>
  </object>
  <object>
    <name>expr</name>
    <pose>Unspecified</pose>
    <truncated>0</truncated>
    <occluded>0</occluded>
    <difficult>0</difficult>
    <bndbox>
      <xmin>1950</xmin>
      <ymin>1041</ymin>
      <xmax>2029</xmax>
      <ymax>1104</ymax>
    </bndbox>
  </object>
  <object>
    <name>expr</name>
    <pose>Unspecified</pose>
    <truncated>0</truncated>
    <occluded>0</occluded>
    <difficult>0</difficult>
    <bndbox>
      <xmin>442</xmin>
      <ymin>1147</ymin>
      <xmax>1467</xmax>
      <ymax>1232</ymax>
    </bndbox>
  </object>
  <object>
    <name>expr</name>
    <pose>Unspecified</pose>
    <truncated>0</truncated>
    <occluded>0</occluded>
    <difficult>0</difficult>
    <bndbox>
      <xmin>1714</xmin>
      <ymin>1147</ymin>
      <xmax>2779</xmax>
      <ymax>1232</ymax>
    </bndbox>
  </object>
  <object>
    <name>expr</name>
    <pose>Unspecified</pose>
    <truncated>0</truncated>
    <occluded>0</occluded>
    <difficult>0</difficult>
    <bndbox>
      <xmin>3170</xmin>
      <ymin>1149</ymin>
      <xmax>3311</xmax>
      <ymax>1230</ymax>
    </bndbox>
  </object>
  <object>
    <name>expr</name>
    <pose>Unspecified</pose>
    <truncated>0</truncated>
    <occluded>0</occluded>
    <difficult>0</difficult>
    <bndbox>
      <xmin>850</xmin>
      <ymin>1255</ymin>
      <xmax>939</xmax>
      <ymax>1316</ymax>
    </bndbox>
  </object>
  <object>
    <name>expr</name>
    <pose>Unspecified</pose>
    <truncated>0</truncated>
    <occluded>0</occluded>
    <difficult>0</difficult>
    <bndbox>
      <xmin>1832</xmin>
      <ymin>1255</ymin>
      <xmax>2003</xmax>
      <ymax>1337</ymax>
    </bndbox>
  </object>
  <object>
    <name>expr</name>
    <pose>Unspecified</pose>
    <truncated>0</truncated>
    <occluded>0</occluded>
    <difficult>0</difficult>
    <bndbox>
      <xmin>3416</xmin>
      <ymin>1255</ymin>
      <xmax>3653</xmax>
      <ymax>1338</ymax>
    </bndbox>
  </object>
  <object>
    <name>expr</name>
    <pose>Unspecified</pose>
    <truncated>0</truncated>
    <occluded>0</occluded>
    <difficult>0</difficult>
    <bndbox>
      <xmin>444</xmin>
      <ymin>1361</ymin>
      <xmax>615</xmax>
      <ymax>1444</ymax>
    </bndbox>
  </object>
  <object>
    <name>expr</name>
    <pose>Unspecified</pose>
    <truncated>0</truncated>
    <occluded>0</occluded>
    <difficult>0</difficult>
    <bndbox>
      <xmin>1578</xmin>
      <ymin>1361</ymin>
      <xmax>1825</xmax>
      <ymax>1440</ymax>
    </bndbox>
  </object>
  <object>
    <name>expr</name>
    <pose>Unspecified</pose>
    <truncated>0</truncated>
    <occluded>0</occluded>
    <difficult>0</difficult>
    <bndbox>
      <xmin>2920</xmin>
      <ymin>1363</ymin>
      <xmax>3355</xmax>
      <ymax>1444</ymax>
    </bndbox>
  </object>
  <object>
    <name>expr</name>
    <pose>Unspecified</pose>
    <truncated>0</truncated>
    <occluded>0</occluded>
    <difficult>0</difficult>
    <bndbox>
      <xmin>854</xmin>
      <ymin>1467</ymin>
      <xmax>943</xmax>
      <ymax>1530</ymax>
    </bndbox>
  </object>
  <object>
    <name>expr</name>
    <pose>Unspecified</pose>
    <truncated>0</truncated>
    <occluded>0</occluded>
    <difficult>0</difficult>
    <bndbox>
      <xmin>1168</xmin>
      <ymin>1469</ymin>
      <xmax>1339</xmax>
      <ymax>1552</ymax>
    </bndbox>
  </object>
  <object>
    <name>expr</name>
    <pose>Unspecified</pose>
    <truncated>0</truncated>
    <occluded>0</occluded>
    <difficult>0</difficult>
    <bndbox>
      <xmin>2104</xmin>
      <ymin>1469</ymin>
      <xmax>2191</xmax>
      <ymax>1530</ymax>
    </bndbox>
  </object>
  <object>
    <name>expr</name>
    <pose>Unspecified</pose>
    <truncated>0</truncated>
    <occluded>0</occluded>
    <difficult>0</difficult>
    <bndbox>
      <xmin>2420</xmin>
      <ymin>1469</ymin>
      <xmax>3009</xmax>
      <ymax>1552</ymax>
    </bndbox>
  </object>
  <object>
    <name>expr</name>
    <pose>Unspecified</pose>
    <truncated>0</truncated>
    <occluded>0</occluded>
    <difficult>0</difficult>
    <bndbox>
      <xmin>932</xmin>
      <ymin>1577</ymin>
      <xmax>1015</xmax>
      <ymax>1656</ymax>
    </bndbox>
  </object>
  <object>
    <name>expr</name>
    <pose>Unspecified</pose>
    <truncated>0</truncated>
    <occluded>0</occluded>
    <difficult>0</difficult>
    <bndbox>
      <xmin>1528</xmin>
      <ymin>1577</ymin>
      <xmax>2685</xmax>
      <ymax>1660</ymax>
    </bndbox>
  </object>
  <object>
    <name>expr</name>
    <pose>Unspecified</pose>
    <truncated>0</truncated>
    <occluded>0</occluded>
    <difficult>0</difficult>
    <bndbox>
      <xmin>2992</xmin>
      <ymin>1577</ymin>
      <xmax>3163</xmax>
      <ymax>1658</ymax>
    </bndbox>
  </object>
  <object>
    <name>expr</name>
    <pose>Unspecified</pose>
    <truncated>0</truncated>
    <occluded>0</occluded>
    <difficult>0</difficult>
    <bndbox>
      <xmin>1790</xmin>
      <ymin>1683</ymin>
      <xmax>1977</xmax>
      <ymax>1764</ymax>
    </bndbox>
  </object>
  <object>
    <name>expr</name>
    <pose>Unspecified</pose>
    <truncated>0</truncated>
    <occluded>0</occluded>
    <difficult>0</difficult>
    <bndbox>
      <xmin>2426</xmin>
      <ymin>1683</ymin>
      <xmax>3659</xmax>
      <ymax>1766</ymax>
    </bndbox>
  </object>
  <object>
    <name>expr</name>
    <pose>Unspecified</pose>
    <truncated>0</truncated>
    <occluded>0</occluded>
    <difficult>0</difficult>
    <bndbox>
      <xmin>630</xmin>
      <ymin>1789</ymin>
      <xmax>863</xmax>
      <ymax>1852</ymax>
    </bndbox>
  </object>
  <object>
    <name>expr</name>
    <pose>Unspecified</pose>
    <truncated>0</truncated>
    <occluded>0</occluded>
    <difficult>0</difficult>
    <bndbox>
      <xmin>1900</xmin>
      <ymin>1895</ymin>
      <xmax>2043</xmax>
      <ymax>1982</ymax>
    </bndbox>
  </object>
  <object>
    <name>expr</name>
    <pose>Unspecified</pose>
    <truncated>0</truncated>
    <occluded>0</occluded>
    <difficult>0</difficult>
    <bndbox>
      <xmin>2482</xmin>
      <ymin>1899</ymin>
      <xmax>2811</xmax>
      <ymax>1970</ymax>
    </bndbox>
  </object>
  <object>
    <name>expr</name>
    <pose>Unspecified</pose>
    <truncated>0</truncated>
    <occluded>0</occluded>
    <difficult>0</difficult>
    <bndbox>
      <xmin>2892</xmin>
      <ymin>1895</ymin>
      <xmax>3367</xmax>
      <ymax>1978</ymax>
    </bndbox>
  </object>
  <object>
    <name>expr</name>
    <pose>Unspecified</pose>
    <truncated>0</truncated>
    <occluded>0</occluded>
    <difficult>0</difficult>
    <bndbox>
      <xmin>454</xmin>
      <ymin>2003</ymin>
      <xmax>2521</xmax>
      <ymax>2190</ymax>
    </bndbox>
  </object>
  <object>
    <name>expr</name>
    <pose>Unspecified</pose>
    <truncated>0</truncated>
    <occluded>0</occluded>
    <difficult>0</difficult>
    <bndbox>
      <xmin>2850</xmin>
      <ymin>2079</ymin>
      <xmax>3059</xmax>
      <ymax>2142</ymax>
    </bndbox>
  </object>
  <object>
    <name>expr</name>
    <pose>Unspecified</pose>
    <truncated>0</truncated>
    <occluded>0</occluded>
    <difficult>0</difficult>
    <bndbox>
      <xmin>636</xmin>
      <ymin>2273</ymin>
      <xmax>698</xmax>
      <ymax>2332</ymax>
    </bndbox>
  </object>
  <object>
    <name>expr</name>
    <pose>Unspecified</pose>
    <truncated>0</truncated>
    <occluded>0</occluded>
    <difficult>0</difficult>
    <bndbox>
      <xmin>1948</xmin>
      <ymin>2275</ymin>
      <xmax>2231</xmax>
      <ymax>2332</ymax>
    </bndbox>
  </object>
  <object>
    <name>expr</name>
    <pose>Unspecified</pose>
    <truncated>0</truncated>
    <occluded>0</occluded>
    <difficult>0</difficult>
    <bndbox>
      <xmin>2540</xmin>
      <ymin>2181</ymin>
      <xmax>3329</xmax>
      <ymax>2384</ymax>
    </bndbox>
  </object>
  <object>
    <name>expr</name>
    <pose>Unspecified</pose>
    <truncated>0</truncated>
    <occluded>0</occluded>
    <difficult>0</difficult>
    <bndbox>
      <xmin>458</xmin>
      <ymin>2405</ymin>
      <xmax>1629</xmax>
      <ymax>2618</ymax>
    </bndbox>
  </object>
  <object>
    <name>expr</name>
    <pose>Unspecified</pose>
    <truncated>0</truncated>
    <occluded>0</occluded>
    <difficult>0</difficult>
    <bndbox>
      <xmin>1752</xmin>
      <ymin>2413</ymin>
      <xmax>3011</xmax>
      <ymax>2616</ymax>
    </bndbox>
  </object>
  <object>
    <name>expr</name>
    <pose>Unspecified</pose>
    <truncated>0</truncated>
    <occluded>0</occluded>
    <difficult>0</difficult>
    <bndbox>
      <xmin>3193</xmin>
      <ymin>2483</ymin>
      <xmax>3641</xmax>
      <ymax>2566</ymax>
    </bndbox>
  </object>
  <object>
    <name>expr</name>
    <pose>Unspecified</pose>
    <truncated>0</truncated>
    <occluded>0</occluded>
    <difficult>0</difficult>
    <bndbox>
      <xmin>698</xmin>
      <ymin>2715</ymin>
      <xmax>947</xmax>
      <ymax>2780</ymax>
    </bndbox>
  </object>
  <object>
    <name>expr</name>
    <pose>Unspecified</pose>
    <truncated>0</truncated>
    <occluded>0</occluded>
    <difficult>0</difficult>
    <bndbox>
      <xmin>1756</xmin>
      <ymin>2671</ymin>
      <xmax>2109</xmax>
      <ymax>2830</ymax>
    </bndbox>
  </object>
  <object>
    <name>expr</name>
    <pose>Unspecified</pose>
    <truncated>0</truncated>
    <occluded>0</occluded>
    <difficult>0</difficult>
    <bndbox>
      <xmin>2440</xmin>
      <ymin>2717</ymin>
      <xmax>2753</xmax>
      <ymax>2800</ymax>
    </bndbox>
  </object>
  <object>
    <name>expr</name>
    <pose>Unspecified</pose>
    <truncated>0</truncated>
    <occluded>0</occluded>
    <difficult>0</difficult>
    <bndbox>
      <xmin>3108</xmin>
      <ymin>2649</ymin>
      <xmax>3659</xmax>
      <ymax>2830</ymax>
    </bndbox>
  </object>
  <object>
    <name>expr</name>
    <pose>Unspecified</pose>
    <truncated>0</truncated>
    <occluded>0</occluded>
    <difficult>0</difficult>
    <bndbox>
      <xmin>462</xmin>
      <ymin>2867</ymin>
      <xmax>1347</xmax>
      <ymax>3076</ymax>
    </bndbox>
  </object>
  <object>
    <name>expr</name>
    <pose>Unspecified</pose>
    <truncated>0</truncated>
    <occluded>0</occluded>
    <difficult>0</difficult>
    <bndbox>
      <xmin>1580</xmin>
      <ymin>2947</ymin>
      <xmax>1895</xmax>
      <ymax>3030</ymax>
    </bndbox>
  </object>
  <object>
    <name>expr</name>
    <pose>Unspecified</pose>
    <truncated>0</truncated>
    <occluded>0</occluded>
    <difficult>0</difficult>
    <bndbox>
      <xmin>3485</xmin>
      <ymin>2937</ymin>
      <xmax>3655</xmax>
      <ymax>3028</ymax>
    </bndbox>
  </object>
  <object>
    <name>expr</name>
    <pose>Unspecified</pose>
    <truncated>0</truncated>
    <occluded>0</occluded>
    <difficult>0</difficult>
    <bndbox>
      <xmin>452</xmin>
      <ymin>3127</ymin>
      <xmax>834</xmax>
      <ymax>3314</ymax>
    </bndbox>
  </object>
  <object>
    <name>expr</name>
    <pose>Unspecified</pose>
    <truncated>0</truncated>
    <occluded>0</occluded>
    <difficult>0</difficult>
    <bndbox>
      <xmin>1324</xmin>
      <ymin>3111</ymin>
      <xmax>2115</xmax>
      <ymax>3296</ymax>
    </bndbox>
  </object>
  <object>
    <name>expr</name>
    <pose>Unspecified</pose>
    <truncated>0</truncated>
    <occluded>0</occluded>
    <difficult>0</difficult>
    <bndbox>
      <xmin>2760</xmin>
      <ymin>3199</ymin>
      <xmax>2793</xmax>
      <ymax>3242</ymax>
    </bndbox>
  </object>
  <object>
    <name>expr</name>
    <pose>Unspecified</pose>
    <truncated>0</truncated>
    <occluded>0</occluded>
    <difficult>0</difficult>
    <bndbox>
      <xmin>3318</xmin>
      <ymin>3167</ymin>
      <xmax>3657</xmax>
      <ymax>3258</ymax>
    </bndbox>
  </object>
  <object>
    <name>expr</name>
    <pose>Unspecified</pose>
    <truncated>0</truncated>
    <occluded>0</occluded>
    <difficult>0</difficult>
    <bndbox>
      <xmin>456</xmin>
      <ymin>3331</ymin>
      <xmax>867</xmax>
      <ymax>3534</ymax>
    </bndbox>
  </object>
  <object>
    <name>expr</name>
    <pose>Unspecified</pose>
    <truncated>0</truncated>
    <occluded>0</occluded>
    <difficult>0</difficult>
    <bndbox>
      <xmin>1256</xmin>
      <ymin>3413</ymin>
      <xmax>1451</xmax>
      <ymax>3494</ymax>
    </bndbox>
  </object>
  <object>
    <name>expr</name>
    <pose>Unspecified</pose>
    <truncated>0</truncated>
    <occluded>0</occluded>
    <difficult>0</difficult>
    <bndbox>
      <xmin>3471</xmin>
      <ymin>3409</ymin>
      <xmax>3537</xmax>
      <ymax>3472</ymax>
    </bndbox>
  </object>
  <object>
    <name>expr</name>
    <pose>Unspecified</pose>
    <truncated>0</truncated>
    <occluded>0</occluded>
    <difficult>0</difficult>
    <bndbox>
      <xmin>1078</xmin>
      <ymin>3591</ymin>
      <xmax>1137</xmax>
      <ymax>3632</ymax>
    </bndbox>
  </object>
  <object>
    <name>expr</name>
    <pose>Unspecified</pose>
    <truncated>0</truncated>
    <occluded>0</occluded>
    <difficult>0</difficult>
    <bndbox>
      <xmin>1460</xmin>
      <ymin>3569</ymin>
      <xmax>2653</xmax>
      <ymax>3654</ymax>
    </bndbox>
  </object>
  <object>
    <name>expr</name>
    <pose>Unspecified</pose>
    <truncated>0</truncated>
    <occluded>0</occluded>
    <difficult>0</difficult>
    <bndbox>
      <xmin>2866</xmin>
      <ymin>3567</ymin>
      <xmax>3477</xmax>
      <ymax>3650</ymax>
    </bndbox>
  </object>
  <object>
    <name>expr</name>
    <pose>Unspecified</pose>
    <truncated>0</truncated>
    <occluded>0</occluded>
    <difficult>0</difficult>
    <bndbox>
      <xmin>694</xmin>
      <ymin>3677</ymin>
      <xmax>1955</xmax>
      <ymax>3760</ymax>
    </bndbox>
  </object>
  <object>
    <name>expr</name>
    <pose>Unspecified</pose>
    <truncated>0</truncated>
    <occluded>0</occluded>
    <difficult>0</difficult>
    <bndbox>
      <xmin>2450</xmin>
      <ymin>3679</ymin>
      <xmax>2673</xmax>
      <ymax>3758</ymax>
    </bndbox>
  </object>
  <object>
    <name>expr</name>
    <pose>Unspecified</pose>
    <truncated>0</truncated>
    <occluded>0</occluded>
    <difficult>0</difficult>
    <bndbox>
      <xmin>3369</xmin>
      <ymin>3697</ymin>
      <xmax>3425</xmax>
      <ymax>3738</ymax>
    </bndbox>
  </object>
  <object>
    <name>expr</name>
    <pose>Unspecified</pose>
    <truncated>0</truncated>
    <occluded>0</occluded>
    <difficult>0</difficult>
    <bndbox>
      <xmin>646</xmin>
      <ymin>3783</ymin>
      <xmax>1429</xmax>
      <ymax>3972</ymax>
    </bndbox>
  </object>
  <object>
    <name>expr</name>
    <pose>Unspecified</pose>
    <truncated>0</truncated>
    <occluded>0</occluded>
    <difficult>0</difficult>
    <bndbox>
      <xmin>2450</xmin>
      <ymin>3843</ymin>
      <xmax>2735</xmax>
      <ymax>3934</ymax>
    </bndbox>
  </object>
  <object>
    <name>expr</name>
    <pose>Unspecified</pose>
    <truncated>0</truncated>
    <occluded>0</occluded>
    <difficult>0</difficult>
    <bndbox>
      <xmin>3164</xmin>
      <ymin>3875</ymin>
      <xmax>3197</xmax>
      <ymax>3916</ymax>
    </bndbox>
  </object>
  <object>
    <name>expr</name>
    <pose>Unspecified</pose>
    <truncated>0</truncated>
    <occluded>0</occluded>
    <difficult>0</difficult>
    <bndbox>
      <xmin>454</xmin>
      <ymin>4007</ymin>
      <xmax>1267</xmax>
      <ymax>4210</ymax>
    </bndbox>
  </object>
  <object>
    <name>expr</name>
    <pose>Unspecified</pose>
    <truncated>0</truncated>
    <occluded>0</occluded>
    <difficult>0</difficult>
    <bndbox>
      <xmin>1660</xmin>
      <ymin>4085</ymin>
      <xmax>1737</xmax>
      <ymax>4148</ymax>
    </bndbox>
  </object>
  <object>
    <name>expr</name>
    <pose>Unspecified</pose>
    <truncated>0</truncated>
    <occluded>0</occluded>
    <difficult>0</difficult>
    <bndbox>
      <xmin>2258</xmin>
      <ymin>4087</ymin>
      <xmax>2773</xmax>
      <ymax>4168</ymax>
    </bndbox>
  </object>
  <object>
    <name>expr</name>
    <pose>Unspecified</pose>
    <truncated>0</truncated>
    <occluded>0</occluded>
    <difficult>0</difficult>
    <bndbox>
      <xmin>916</xmin>
      <ymin>4245</ymin>
      <xmax>1151</xmax>
      <ymax>4308</ymax>
    </bndbox>
  </object>
  <object>
    <name>expr</name>
    <pose>Unspecified</pose>
    <truncated>0</truncated>
    <occluded>0</occluded>
    <difficult>0</difficult>
    <bndbox>
      <xmin>1500</xmin>
      <ymin>4251</ymin>
      <xmax>1711</xmax>
      <ymax>4314</ymax>
    </bndbox>
  </object>
  <object>
    <name>expr</name>
    <pose>Unspecified</pose>
    <truncated>0</truncated>
    <occluded>0</occluded>
    <difficult>0</difficult>
    <bndbox>
      <xmin>848</xmin>
      <ymin>4513</ymin>
      <xmax>2825</xmax>
      <ymax>4768</ymax>
    </bndbox>
  </object>
  <object>
    <name>expr</name>
    <pose>Unspecified</pose>
    <truncated>0</truncated>
    <occluded>0</occluded>
    <difficult>0</difficult>
    <bndbox>
      <xmin>2900</xmin>
      <ymin>4583</ymin>
      <xmax>3215</xmax>
      <ymax>4664</ymax>
    </bndbox>
  </object>
  <object>
    <name>expr</name>
    <pose>Unspecified</pose>
    <truncated>0</truncated>
    <occluded>0</occluded>
    <difficult>0</difficult>
    <bndbox>
      <xmin>678</xmin>
      <ymin>4861</ymin>
      <xmax>1421</xmax>
      <ymax>5074</ymax>
    </bndbox>
  </object>
  <object>
    <name>expr</name>
    <pose>Unspecified</pose>
    <truncated>0</truncated>
    <occluded>0</occluded>
    <difficult>0</difficult>
    <bndbox>
      <xmin>2742</xmin>
      <ymin>4943</ymin>
      <xmax>2993</xmax>
      <ymax>5020</ymax>
    </bndbox>
  </object>
  <object>
    <name>expr</name>
    <pose>Unspecified</pose>
    <truncated>0</truncated>
    <occluded>0</occluded>
    <difficult>0</difficult>
    <bndbox>
      <xmin>990</xmin>
      <ymin>5101</ymin>
      <xmax>1073</xmax>
      <ymax>5174</ymax>
    </bndbox>
  </object>
  <object>
    <name>expr</name>
    <pose>Unspecified</pose>
    <truncated>0</truncated>
    <occluded>0</occluded>
    <difficult>0</difficult>
    <bndbox>
      <xmin>1154</xmin>
      <ymin>5099</ymin>
      <xmax>1885</xmax>
      <ymax>5184</ymax>
    </bndbox>
  </object>
  <object>
    <name>expr</name>
    <pose>Unspecified</pose>
    <truncated>0</truncated>
    <occluded>0</occluded>
    <difficult>0</difficult>
    <bndbox>
      <xmin>1970</xmin>
      <ymin>5099</ymin>
      <xmax>2505</xmax>
      <ymax>5180</ymax>
    </bndbox>
  </object>
  <object>
    <name>expr</name>
    <pose>Unspecified</pose>
    <truncated>0</truncated>
    <occluded>0</occluded>
    <difficult>0</difficult>
    <bndbox>
      <xmin>2602</xmin>
      <ymin>5097</ymin>
      <xmax>3423</xmax>
      <ymax>5182</ymax>
    </bndbox>
  </object>
  <object>
    <name>expr</name>
    <pose>Unspecified</pose>
    <truncated>0</truncated>
    <occluded>0</occluded>
    <difficult>0</difficult>
    <bndbox>
      <xmin>458</xmin>
      <ymin>5208</ymin>
      <xmax>1301</xmax>
      <ymax>5302</ymax>
    </bndbox>
  </object>
</annotation>