<annotation>
  <folder>images</folder>
  <filename>32.png</filename>
  <size>
    <width>5100</width>
    <height>6601</height>
    <depth>3</depth>
  </size>
  <segmented>0</segmented>
  <object>
    <name>expr</name>
    <pose>Unspecified</pose>
    <truncated>0</truncated>
    <occluded>0</occluded>
    <difficult>0</difficult>
    <bndbox>
      <xmin>3168</xmin>
      <ymin>597</ymin>
      <xmax>3249</xmax>
      <ymax>656</ymax>
    </bndbox>
  </object>
  <object>
    <name>expr</name>
    <pose>Unspecified</pose>
    <truncated>0</truncated>
    <occluded>0</occluded>
    <difficult>0</difficult>
    <bndbox>
      <xmin>784</xmin>
      <ymin>977</ymin>
      <xmax>841</xmax>
      <ymax>1016</ymax>
    </bndbox>
  </object>
  <object>
    <name>expr</name>
    <pose>Unspecified</pose>
    <truncated>0</truncated>
    <occluded>0</occluded>
    <difficult>0</difficult>
    <bndbox>
      <xmin>966</xmin>
      <ymin>957</ymin>
      <xmax>1025</xmax>
      <ymax>1018</ymax>
    </bndbox>
  </object>
  <object>
    <name>expr</name>
    <pose>Unspecified</pose>
    <truncated>0</truncated>
    <occluded>0</occluded>
    <difficult>0</difficult>
    <bndbox>
      <xmin>1466</xmin>
      <ymin>935</ymin>
      <xmax>1923</xmax>
      <ymax>1038</ymax>
    </bndbox>
  </object>
  <object>
    <name>expr</name>
    <pose>Unspecified</pose>
    <truncated>0</truncated>
    <occluded>0</occluded>
    <difficult>0</difficult>
    <bndbox>
      <xmin>2190</xmin>
      <ymin>945</ymin>
      <xmax>2495</xmax>
      <ymax>1031</ymax>
    </bndbox>
  </object>
  <object>
    <name>expr</name>
    <pose>Unspecified</pose>
    <truncated>0</truncated>
    <occluded>0</occluded>
    <difficult>0</difficult>
    <bndbox>
      <xmin>1648</xmin>
      <ymin>1207</ymin>
      <xmax>2225</xmax>
      <ymax>1290</ymax>
    </bndbox>
  </object>
  <object>
    <name>expr</name>
    <pose>Unspecified</pose>
    <truncated>0</truncated>
    <occluded>0</occluded>
    <difficult>0</difficult>
    <bndbox>
      <xmin>1220</xmin>
      <ymin>1353</ymin>
      <xmax>1757</xmax>
      <ymax>1438</ymax>
    </bndbox>
  </object>
  <object>
    <name>expr</name>
    <pose>Unspecified</pose>
    <truncated>0</truncated>
    <occluded>0</occluded>
    <difficult>0</difficult>
    <bndbox>
      <xmin>1898</xmin>
      <ymin>1361</ymin>
      <xmax>1935</xmax>
      <ymax>1418</ymax>
    </bndbox>
  </object>
  <object>
    <name>expr</name>
    <pose>Unspecified</pose>
    <truncated>0</truncated>
    <occluded>0</occluded>
    <difficult>0</difficult>
    <bndbox>
      <xmin>2516</xmin>
      <ymin>1359</ymin>
      <xmax>2957</xmax>
      <ymax>1432</ymax>
    </bndbox>
  </object>
  <object>
    <name>expr</name>
    <pose>Unspecified</pose>
    <truncated>0</truncated>
    <occluded>0</occluded>
    <difficult>0</difficult>
    <bndbox>
      <xmin>680</xmin>
      <ymin>1481</ymin>
      <xmax>3209</xmax>
      <ymax>1668</ymax>
    </bndbox>
  </object>
  <object>
    <name>expr</name>
    <pose>Unspecified</pose>
    <truncated>0</truncated>
    <occluded>0</occluded>
    <difficult>0</difficult>
    <bndbox>
      <xmin>1080</xmin>
      <ymin>1697</ymin>
      <xmax>1433</xmax>
      <ymax>1792</ymax>
    </bndbox>
  </object>
  <object>
    <name>expr</name>
    <pose>Unspecified</pose>
    <truncated>0</truncated>
    <occluded>0</occluded>
    <difficult>0</difficult>
    <bndbox>
      <xmin>1538</xmin>
      <ymin>1715</ymin>
      <xmax>1725</xmax>
      <ymax>1774</ymax>
    </bndbox>
  </object>
  <object>
    <name>expr</name>
    <pose>Unspecified</pose>
    <truncated>0</truncated>
    <occluded>0</occluded>
    <difficult>0</difficult>
    <bndbox>
      <xmin>1270</xmin>
      <ymin>1851</ymin>
      <xmax>2471</xmax>
      <ymax>1940</ymax>
    </bndbox>
  </object>
  <object>
    <name>expr</name>
    <pose>Unspecified</pose>
    <truncated>0</truncated>
    <occluded>0</occluded>
    <difficult>0</difficult>
    <bndbox>
      <xmin>578</xmin>
      <ymin>1969</ymin>
      <xmax>625</xmax>
      <ymax>2038</ymax>
    </bndbox>
  </object>
  <object>
    <name>expr</name>
    <pose>Unspecified</pose>
    <truncated>0</truncated>
    <occluded>0</occluded>
    <difficult>0</difficult>
    <bndbox>
      <xmin>768</xmin>
      <ymin>1963</ymin>
      <xmax>1083</xmax>
      <ymax>2046</ymax>
    </bndbox>
  </object>
  <object>
    <name>expr</name>
    <pose>Unspecified</pose>
    <truncated>0</truncated>
    <occluded>0</occluded>
    <difficult>0</difficult>
    <bndbox>
      <xmin>898</xmin>
      <ymin>2093</ymin>
      <xmax>2989</xmax>
      <ymax>2266</ymax>
    </bndbox>
  </object>
  <object>
    <name>expr</name>
    <pose>Unspecified</pose>
    <truncated>0</truncated>
    <occluded>0</occluded>
    <difficult>0</difficult>
    <bndbox>
      <xmin>1316</xmin>
      <ymin>2297</ymin>
      <xmax>2327</xmax>
      <ymax>2470</ymax>
    </bndbox>
  </object>
  <object>
    <name>expr</name>
    <pose>Unspecified</pose>
    <truncated>0</truncated>
    <occluded>0</occluded>
    <difficult>0</difficult>
    <bndbox>
      <xmin>2436</xmin>
      <ymin>2349</ymin>
      <xmax>2801</xmax>
      <ymax>2434</ymax>
    </bndbox>
  </object>
  <object>
    <name>expr</name>
    <pose>Unspecified</pose>
    <truncated>0</truncated>
    <occluded>0</occluded>
    <difficult>0</difficult>
    <bndbox>
      <xmin>1534</xmin>
      <ymin>2513</ymin>
      <xmax>3001</xmax>
      <ymax>2612</ymax>
    </bndbox>
  </object>
  <object>
    <name>expr</name>
    <pose>Unspecified</pose>
    <truncated>0</truncated>
    <occluded>0</occluded>
    <difficult>0</difficult>
    <bndbox>
      <xmin>3222</xmin>
      <ymin>2523</ymin>
      <xmax>3431</xmax>
      <ymax>2606</ymax>
    </bndbox>
  </object>
  <object>
    <name>expr</name>
    <pose>Unspecified</pose>
    <truncated>0</truncated>
    <occluded>0</occluded>
    <difficult>0</difficult>
    <bndbox>
      <xmin>964</xmin>
      <ymin>2765</ymin>
      <xmax>2529</xmax>
      <ymax>2868</ymax>
    </bndbox>
  </object>
  <object>
    <name>expr</name>
    <pose>Unspecified</pose>
    <truncated>0</truncated>
    <occluded>0</occluded>
    <difficult>0</difficult>
    <bndbox>
      <xmin>2751</xmin>
      <ymin>2785</ymin>
      <xmax>2907</xmax>
      <ymax>2852</ymax>
    </bndbox>
  </object>
  <object>
    <name>expr</name>
    <pose>Unspecified</pose>
    <truncated>0</truncated>
    <occluded>0</occluded>
    <difficult>0</difficult>
    <bndbox>
      <xmin>1048</xmin>
      <ymin>2921</ymin>
      <xmax>1551</xmax>
      <ymax>3006</ymax>
    </bndbox>
  </object>
  <object>
    <name>expr</name>
    <pose>Unspecified</pose>
    <truncated>0</truncated>
    <occluded>0</occluded>
    <difficult>0</difficult>
    <bndbox>
      <xmin>766</xmin>
      <ymin>3059</ymin>
      <xmax>3097</xmax>
      <ymax>3154</ymax>
    </bndbox>
  </object>
  <object>
    <name>expr</name>
    <pose>Unspecified</pose>
    <truncated>0</truncated>
    <occluded>0</occluded>
    <difficult>0</difficult>
    <bndbox>
      <xmin>860</xmin>
      <ymin>3315</ymin>
      <xmax>3005</xmax>
      <ymax>3418</ymax>
    </bndbox>
  </object>
  <object>
    <name>expr</name>
    <pose>Unspecified</pose>
    <truncated>0</truncated>
    <occluded>0</occluded>
    <difficult>0</difficult>
    <bndbox>
      <xmin>558</xmin>
      <ymin>3463</ymin>
      <xmax>995</xmax>
      <ymax>3544</ymax>
    </bndbox>
  </object>
  <object>
    <name>expr</name>
    <pose>Unspecified</pose>
    <truncated>0</truncated>
    <occluded>0</occluded>
    <difficult>0</difficult>
    <bndbox>
      <xmin>1190</xmin>
      <ymin>3467</ymin>
      <xmax>1329</xmax>
      <ymax>3536</ymax>
    </bndbox>
  </object>
  <object>
    <name>expr</name>
    <pose>Unspecified</pose>
    <truncated>0</truncated>
    <occluded>0</occluded>
    <difficult>0</difficult>
    <bndbox>
      <xmin>1238</xmin>
      <ymin>3591</ymin>
      <xmax>2209</xmax>
      <ymax>3780</ymax>
    </bndbox>
  </object>
  <object>
    <name>expr</name>
    <pose>Unspecified</pose>
    <truncated>0</truncated>
    <occluded>0</occluded>
    <difficult>0</difficult>
    <bndbox>
      <xmin>2430</xmin>
      <ymin>3649</ymin>
      <xmax>2659</xmax>
      <ymax>3720</ymax>
    </bndbox>
  </object>
  <object>
    <name>expr</name>
    <pose>Unspecified</pose>
    <truncated>0</truncated>
    <occluded>0</occluded>
    <difficult>0</difficult>
    <bndbox>
      <xmin>1008</xmin>
      <ymin>3959</ymin>
      <xmax>2443</xmax>
      <ymax>4058</ymax>
    </bndbox>
  </object>
  <object>
    <name>expr</name>
    <pose>Unspecified</pose>
    <truncated>0</truncated>
    <occluded>0</occluded>
    <difficult>0</difficult>
    <bndbox>
      <xmin>2664</xmin>
      <ymin>3975</ymin>
      <xmax>2893</xmax>
      <ymax>4046</ymax>
    </bndbox>
  </object>
  <object>
    <name>expr</name>
    <pose>Unspecified</pose>
    <truncated>0</truncated>
    <occluded>0</occluded>
    <difficult>0</difficult>
    <bndbox>
      <xmin>694</xmin>
      <ymin>4117</ymin>
      <xmax>873</xmax>
      <ymax>4184</ymax>
    </bndbox>
  </object>
  <object>
    <name>expr</name>
    <pose>Unspecified</pose>
    <truncated>0</truncated>
    <occluded>0</occluded>
    <difficult>0</difficult>
    <bndbox>
      <xmin>1066</xmin>
      <ymin>4117</ymin>
      <xmax>1243</xmax>
      <ymax>4182</ymax>
    </bndbox>
  </object>
  <object>
    <name>expr</name>
    <pose>Unspecified</pose>
    <truncated>0</truncated>
    <occluded>0</occluded>
    <difficult>0</difficult>
    <bndbox>
      <xmin>3258</xmin>
      <ymin>4121</ymin>
      <xmax>3315</xmax>
      <ymax>4178</ymax>
    </bndbox>
  </object>
  <object>
    <name>expr</name>
    <pose>Unspecified</pose>
    <truncated>0</truncated>
    <occluded>0</occluded>
    <difficult>0</difficult>
    <bndbox>
      <xmin>780</xmin>
      <ymin>4357</ymin>
      <xmax>1401</xmax>
      <ymax>4448</ymax>
    </bndbox>
  </object>
  <object>
    <name>expr</name>
    <pose>Unspecified</pose>
    <truncated>0</truncated>
    <occluded>0</occluded>
    <difficult>0</difficult>
    <bndbox>
      <xmin>2768</xmin>
      <ymin>4515</ymin>
      <xmax>2957</xmax>
      <ymax>4592</ymax>
    </bndbox>
  </object>
  <object>
    <name>expr</name>
    <pose>Unspecified</pose>
    <truncated>0</truncated>
    <occluded>0</occluded>
    <difficult>0</difficult>
    <bndbox>
      <xmin>3142</xmin>
      <ymin>4535</ymin>
      <xmax>3179</xmax>
      <ymax>4590</ymax>
    </bndbox>
  </object>
  <object>
    <name>expr</name>
    <pose>Unspecified</pose>
    <truncated>0</truncated>
    <occluded>0</occluded>
    <difficult>0</difficult>
    <bndbox>
      <xmin>2466</xmin>
      <ymin>4613</ymin>
      <xmax>3131</xmax>
      <ymax>4702</ymax>
    </bndbox>
  </object>
  <object>
    <name>expr</name>
    <pose>Unspecified</pose>
    <truncated>0</truncated>
    <occluded>0</occluded>
    <difficult>0</difficult>
    <bndbox>
      <xmin>1116</xmin>
      <ymin>4719</ymin>
      <xmax>1735</xmax>
      <ymax>4810</ymax>
    </bndbox>
  </object>
  <object>
    <name>expr</name>
    <pose>Unspecified</pose>
    <truncated>0</truncated>
    <occluded>0</occluded>
    <difficult>0</difficult>
    <bndbox>
      <xmin>1864</xmin>
      <ymin>4730</ymin>
      <xmax>1987</xmax>
      <ymax>4792</ymax>
    </bndbox>
  </object>
  <object>
    <name>expr</name>
    <pose>Unspecified</pose>
    <truncated>0</truncated>
    <occluded>0</occluded>
    <difficult>0</difficult>
    <bndbox>
      <xmin>2136</xmin>
      <ymin>4719</ymin>
      <xmax>2489</xmax>
      <ymax>4792</ymax>
    </bndbox>
  </object>
  <object>
    <name>expr</name>
    <pose>Unspecified</pose>
    <truncated>0</truncated>
    <occluded>0</occluded>
    <difficult>0</difficult>
    <bndbox>
      <xmin>2878</xmin>
      <ymin>4741</ymin>
      <xmax>2915</xmax>
      <ymax>4808</ymax>
    </bndbox>
  </object>
  <object>
    <name>expr</name>
    <pose>Unspecified</pose>
    <truncated>0</truncated>
    <occluded>0</occluded>
    <difficult>0</difficult>
    <bndbox>
      <xmin>458</xmin>
      <ymin>4933</ymin>
      <xmax>2017</xmax>
      <ymax>5026</ymax>
    </bndbox>
  </object>
  <object>
    <name>expr</name>
    <pose>Unspecified</pose>
    <truncated>0</truncated>
    <occluded>0</occluded>
    <difficult>0</difficult>
    <bndbox>
      <xmin>2656</xmin>
      <ymin>4947</ymin>
      <xmax>2713</xmax>
      <ymax>5004</ymax>
    </bndbox>
  </object>
</annotation>