<annotation>
  <folder>images</folder>
  <filename>37.png</filename>
  <size>
    <width>5100</width>
    <height>6601</height>
    <depth>3</depth>
  </size>
  <segmented>0</segmented>
  <object>
    <name>expr</name>
    <pose>Unspecified</pose>
    <truncated>0</truncated>
    <occluded>0</occluded>
    <difficult>0</difficult>
    <bndbox>
      <xmin>1486</xmin>
      <ymin>1037</ymin>
      <xmax>1785</xmax>
      <ymax>1228</ymax>
    </bndbox>
  </object>
  <object>
    <name>expr</name>
    <pose>Unspecified</pose>
    <truncated>0</truncated>
    <occluded>0</occluded>
    <difficult>0</difficult>
    <bndbox>
      <xmin>2102</xmin>
      <ymin>1025</ymin>
      <xmax>2403</xmax>
      <ymax>1226</ymax>
    </bndbox>
  </object>
  <object>
    <name>expr</name>
    <pose>Unspecified</pose>
    <truncated>0</truncated>
    <occluded>0</occluded>
    <difficult>0</difficult>
    <bndbox>
      <xmin>760</xmin>
      <ymin>1539</ymin>
      <xmax>847</xmax>
      <ymax>1610</ymax>
    </bndbox>
  </object>
  <object>
    <name>expr</name>
    <pose>Unspecified</pose>
    <truncated>0</truncated>
    <occluded>0</occluded>
    <difficult>0</difficult>
    <bndbox>
      <xmin>1150</xmin>
      <ymin>1551</ymin>
      <xmax>1165</xmax>
      <ymax>1608</ymax>
    </bndbox>
  </object>
  <object>
    <name>expr</name>
    <pose>Unspecified</pose>
    <truncated>0</truncated>
    <occluded>0</occluded>
    <difficult>0</difficult>
    <bndbox>
      <xmin>830</xmin>
      <ymin>1769</ymin>
      <xmax>915</xmax>
      <ymax>1826</ymax>
    </bndbox>
  </object>
  <object>
    <name>expr</name>
    <pose>Unspecified</pose>
    <truncated>0</truncated>
    <occluded>0</occluded>
    <difficult>0</difficult>
    <bndbox>
      <xmin>1604</xmin>
      <ymin>1785</ymin>
      <xmax>1641</xmax>
      <ymax>1824</ymax>
    </bndbox>
  </object>
  <object>
    <name>expr</name>
    <pose>Unspecified</pose>
    <truncated>0</truncated>
    <occluded>0</occluded>
    <difficult>0</difficult>
    <bndbox>
      <xmin>2196</xmin>
      <ymin>1763</ymin>
      <xmax>2377</xmax>
      <ymax>1838</ymax>
    </bndbox>
  </object>
  <object>
    <name>expr</name>
    <pose>Unspecified</pose>
    <truncated>0</truncated>
    <occluded>0</occluded>
    <difficult>0</difficult>
    <bndbox>
      <xmin>2596</xmin>
      <ymin>1757</ymin>
      <xmax>3109</xmax>
      <ymax>1842</ymax>
    </bndbox>
  </object>
  <object>
    <name>expr</name>
    <pose>Unspecified</pose>
    <truncated>0</truncated>
    <occluded>0</occluded>
    <difficult>0</difficult>
    <bndbox>
      <xmin>3354</xmin>
      <ymin>1781</ymin>
      <xmax>3431</xmax>
      <ymax>1832</ymax>
    </bndbox>
  </object>
  <object>
    <name>expr</name>
    <pose>Unspecified</pose>
    <truncated>0</truncated>
    <occluded>0</occluded>
    <difficult>0</difficult>
    <bndbox>
      <xmin>752</xmin>
      <ymin>1969</ymin>
      <xmax>1611</xmax>
      <ymax>2062</ymax>
    </bndbox>
  </object>
  <object>
    <name>expr</name>
    <pose>Unspecified</pose>
    <truncated>0</truncated>
    <occluded>0</occluded>
    <difficult>0</difficult>
    <bndbox>
      <xmin>2116</xmin>
      <ymin>1979</ymin>
      <xmax>2171</xmax>
      <ymax>2038</ymax>
    </bndbox>
  </object>
</annotation>