<annotation>
  <folder>images</folder>
  <filename>38.png</filename>
  <size>
    <width>5100</width>
    <height>6601</height>
    <depth>3</depth>
  </size>
  <segmented>0</segmented>
  <object>
    <name>expr</name>
    <pose>Unspecified</pose>
    <truncated>0</truncated>
    <occluded>0</occluded>
    <difficult>0</difficult>
    <bndbox>
      <xmin>3168</xmin>
      <ymin>597</ymin>
      <xmax>3249</xmax>
      <ymax>656</ymax>
    </bndbox>
  </object>
  <object>
    <name>expr</name>
    <pose>Unspecified</pose>
    <truncated>0</truncated>
    <occluded>0</occluded>
    <difficult>0</difficult>
    <bndbox>
      <xmin>3330</xmin>
      <ymin>1803</ymin>
      <xmax>3415</xmax>
      <ymax>1868</ymax>
    </bndbox>
  </object>
  <object>
    <name>expr</name>
    <pose>Unspecified</pose>
    <truncated>0</truncated>
    <occluded>0</occluded>
    <difficult>0</difficult>
    <bndbox>
      <xmin>2516</xmin>
      <ymin>2623</ymin>
      <xmax>2603</xmax>
      <ymax>2688</ymax>
    </bndbox>
  </object>
  <object>
    <name>expr</name>
    <pose>Unspecified</pose>
    <truncated>0</truncated>
    <occluded>0</occluded>
    <difficult>0</difficult>
    <bndbox>
      <xmin>3216</xmin>
      <ymin>2679</ymin>
      <xmax>3225</xmax>
      <ymax>2688</ymax>
    </bndbox>
  </object>
  <object>
    <name>expr</name>
    <pose>Unspecified</pose>
    <truncated>0</truncated>
    <occluded>0</occluded>
    <difficult>0</difficult>
    <bndbox>
      <xmin>962</xmin>
      <ymin>3293</ymin>
      <xmax>1003</xmax>
      <ymax>3328</ymax>
    </bndbox>
  </object>
</annotation>